{"cameraMode":{"drawMode":0,"name":"Shaded","section":"Shading Mode"},"sceneLighting":true,"audioPlay":false,"sceneViewState":{"showFog":true,"showMaterialUpdate":false,"showSkybox":true,"showFlares":true,"showImageEffects":true,"showParticleSystems":true},"in2DMode":false,"pivot":{"x":720.440185546875,"y":16.71728515625,"z":1078.252197265625},"rotation":{"x":0.23758485913276673,"y":-0.16086094081401826,"z":0.039933040738105777,"w":0.9571279883384705},"size":987.6399536132813,"orthographic":false}